City,Latitude,Longitude,Max Temp,Humidity,Cloudiness,Wind Speed,Country,Date
Albany,42.6001,-73.9662,12.02,87,91,0.96,US,1663414655
Punta Arenas,-53.15,-70.9167,4.01,75,75,5.66,CL,1663414655
Naze,28.3667,129.4833,27.51,89,100,15.69,JP,1663414656
Santa Fe,-31.6333,-60.7,18.34,74,100,5.36,AR,1663414656
Hilo,19.7297,-155.09,27.93,83,75,3.09,US,1663414657
Kaitangata,-46.2817,169.8464,5.5,89,86,2.43,NZ,1663414657
Upernavik,72.7868,-56.1549,0.84,73,13,5.9,GL,1663414657
Yellowknife,62.456,-114.3525,7.29,93,20,4.12,CA,1663414658
Kapaa,22.0752,-159.319,22.99,81,0,3.6,US,1663414658
Huarmey,-10.0681,-78.1522,17.12,86,73,4.74,PE,1663414658
Busselton,-33.65,115.3333,12.01,79,17,2.89,AU,1663414659
Coyhaique,-45.5752,-72.0662,-2.66,89,87,0.98,CL,1663414659
Salalah,17.0151,54.0924,29.05,84,75,6.69,OM,1663414659
Ahipara,-35.1667,173.1667,8.87,76,83,1.23,NZ,1663414660
Abu Kamal,34.4506,40.9171,38.05,13,0,4.83,SY,1663414660
Myre,69.1036,15.9492,11.12,77,91,9.25,NO,1663414661
Batagay-Alyta,67.8006,130.4114,-1.36,55,6,2.65,RU,1663414661
Hong Kong,22.2855,114.1577,31.88,74,51,4.47,HK,1663414602
Ushuaia,-54.8,-68.3,2.81,75,75,9.77,AR,1663414662
Bredasdorp,-34.5322,20.0403,15.52,61,100,4.39,ZA,1663414663
Port Alfred,-33.5906,26.891,19.54,77,83,2.24,ZA,1663414664
Maragogi,-9.0122,-35.2225,25.85,66,19,3.21,BR,1663414665
Golyshmanovo,56.3979,68.3728,16.0,36,43,5.17,RU,1663414665
Aloleng,16.1307,119.7824,27.92,70,81,3.14,PH,1663414665
Port Elizabeth,-33.918,25.5701,20.16,74,20,7.72,ZA,1663414648
Klaksvík,62.2266,-6.589,9.51,72,100,1.89,FO,1663414666
Saskylakh,71.9167,114.0833,1.46,98,100,8.69,RU,1663414667
Hobart,-42.8794,147.3294,10.92,76,75,5.14,AU,1663414397
Mar del Plata,-38.0023,-57.5575,13.3,88,0,11.18,AR,1663414667
Fichē,9.8,38.7333,17.91,49,10,2.2,ET,1663414668
Río Gallegos,-51.6226,-69.2181,2.03,75,20,8.75,AR,1663414669
Ingham,42.6,-84.3833,16.92,94,0,2.06,US,1663414669
Butaritari,3.0707,172.7902,27.41,73,13,6.53,KI,1663414669
Selma,36.5708,-119.6121,18.03,73,0,0.0,US,1663414670
Rikitea,-23.1203,-134.9692,22.1,76,7,7.66,PF,1663414670
Torbay,47.6666,-52.7314,13.1,86,75,8.75,CA,1663414671
São Filipe,14.8961,-24.4956,26.25,78,13,4.01,CV,1663414671
Chumikan,54.7183,135.315,10.47,72,85,7.04,RU,1663414671
Gimli,50.6336,-96.9907,14.01,88,100,6.17,CA,1663414672
Kermanshah,34.3142,47.065,33.5,29,0,3.09,IR,1663414672
Jaqué,7.5175,-78.1703,25.3,88,97,3.6,PA,1663414672
Egvekinot,66.3167,-179.1667,2.63,93,100,9.37,RU,1663414673
Pirovskoye,57.6267,92.2658,7.7,90,63,1.65,RU,1663414673
Gorontalo,0.5412,123.0595,24.53,90,100,1.67,ID,1663414673
Isangel,-19.55,169.2667,22.97,83,84,5.88,VU,1663414674
Tuy Hoa,13.0833,109.3,26.82,86,66,1.75,VN,1663414525
Cape Town,-33.9258,18.4232,17.43,66,100,4.63,ZA,1663414395
Safi,32.2994,-9.2372,23.4,68,26,6.6,MA,1663414675
Bluff,-46.6,168.3333,6.83,80,98,4.61,NZ,1663414675
Longyearbyen,78.2186,15.6401,-0.09,74,75,5.14,SJ,1663414676
Castro,-24.7911,-50.0119,11.54,75,80,5.42,BR,1663414676
Laramie,41.3114,-105.5911,10.53,84,75,2.57,US,1663414677
Hithadhoo,-0.6,73.0833,28.05,70,18,3.54,MV,1663414677
Guanajuato City,21.0186,-101.2591,14.44,82,93,4.12,MX,1663414458
Kahului,20.8947,-156.47,24.36,73,0,1.54,US,1663414677
Muros,42.7762,-9.0603,23.94,69,100,0.33,ES,1663414678
Hamilton,39.1834,-84.5333,18.18,94,40,2.06,US,1663414618
Port-Cartier,50.0334,-66.8654,9.86,63,16,4.89,CA,1663414678
Qaanaaq,77.484,-69.3632,-3.4,66,15,3.03,GL,1663414679
Fortuna,40.5982,-124.1573,13.14,88,63,0.27,US,1663414679
Kolvereid,64.8655,11.6047,12.49,83,100,2.26,NO,1663414680
Tiksi,71.6872,128.8694,1.46,99,100,1.1,RU,1663414680
Kalmar,56.6616,16.3616,17.86,60,20,5.66,SE,1663414681
Pechenga,69.5259,31.1703,9.52,98,100,4.63,RU,1663414681
Nikolskoye,59.7035,30.7861,13.94,85,98,3.62,RU,1663414681
Dikson,73.5069,80.5464,1.97,74,21,4.08,RU,1663414682
Ketchikan,55.3422,-131.6461,8.26,93,0,2.57,US,1663414682
Carnarvon,-24.8667,113.6333,20.05,72,1,7.54,AU,1663414684
Jamestown,42.097,-79.2353,13.8,77,0,2.06,US,1663414684
Bathsheba,13.2167,-59.5167,29.34,84,20,7.72,BB,1663414685
Yumen,40.2833,97.2,22.23,21,77,4.58,CN,1663414685
Ponta do Sol,32.6667,-17.1,29.28,76,33,4.38,PT,1663414686
Carayaó,-25.1833,-56.4,20.45,56,0,4.6,PY,1663414686
Vao,-22.6667,167.4833,22.0,71,34,8.68,NC,1663414686
Puerto Ayora,-0.7393,-90.3518,18.64,89,24,0.45,EC,1663414687
Shingū,33.7333,135.9833,26.38,95,100,7.53,JP,1663414618
George Town,5.4112,100.3354,29.97,78,20,2.68,MY,1663414687
Bonavista,48.6499,-53.1147,11.29,78,85,10.54,CA,1663414688
Maroantsetra,-15.4333,49.7333,23.33,75,40,5.85,MG,1663414689
Mahébourg,-20.4081,57.7,25.16,65,75,7.72,MU,1663414689
Vaini,-21.2,-175.2,23.09,94,75,4.63,TO,1663414690
Tuktoyaktuk,69.4541,-133.0374,3.78,90,100,5.2,CA,1663414690
Mataura,-46.1927,168.8643,3.39,94,97,1.41,NZ,1663414691
Broome,42.2506,-75.833,14.26,84,0,0.45,US,1663414691
Elban,50.1018,136.5094,11.68,80,100,4.44,RU,1663414692
Qaqortoq,60.7167,-46.0333,10.03,71,100,5.54,GL,1663414692
Taoudenni,22.6783,-3.9836,39.05,13,0,3.62,ML,1663414692
Barrow,71.2906,-156.7887,1.01,86,100,11.83,US,1663414693
Tiradentes,-21.1103,-44.1781,12.23,64,94,5.3,BR,1663414693
Riyadh,24.6877,46.7219,40.08,10,3,1.75,SA,1663414637
Escuintla,14.305,-90.785,23.66,91,100,1.84,GT,1663414694
Khatanga,71.9667,102.5,0.11,73,100,4.97,RU,1663414694
Aklavik,68.2191,-135.0107,2.3,94,48,3.99,CA,1663414694
Kavaratti,10.5669,72.642,27.52,77,75,6.25,IN,1663414694
Batesville,35.7698,-91.641,19.23,83,0,0.0,US,1663414695
Portland,45.5234,-122.6762,13.24,86,40,3.6,US,1663414534
Lebu,-37.6167,-73.65,6.35,83,100,7.53,CL,1663414696
Arraial do Cabo,-22.9661,-42.0278,17.92,77,75,5.14,BR,1663414696
Krasyliv,49.6519,26.9725,17.0,60,100,2.56,UA,1663414697
Hofn,64.2539,-15.2082,8.93,68,96,2.95,IS,1663414697
Bethel,41.3712,-73.414,15.93,80,100,0.45,US,1663414697
Nanortalik,60.1432,-45.2371,8.3,78,100,2.46,GL,1663414698
Mahon,39.8885,4.2658,24.31,50,20,11.32,ES,1663414613
Sechura,-5.5569,-80.8222,17.85,85,31,4.62,PE,1663414699
Krasne,49.9145,24.6134,17.66,50,100,2.82,UA,1663414699
Narsaq,60.9167,-46.05,14.12,72,100,7.04,GL,1663414699
Taketa,32.9652,131.3785,24.88,98,100,5.02,JP,1663414700
Provideniya,64.3833,-173.3,7.17,92,100,3.96,RU,1663414700
College,64.8569,-147.8028,9.89,82,0,4.12,US,1663414700
Labuhan,-6.8844,112.2051,28.17,70,99,3.98,ID,1663414701
Nagapattinam,10.7667,79.8333,29.52,72,94,7.1,IN,1663414701
Dingle,10.9995,122.6711,24.89,88,87,3.1,PH,1663414702
Basco,20.4487,121.9702,28.61,73,99,6.95,PH,1663414702
Kavieng,-2.5744,150.7967,27.82,77,45,5.12,PG,1663414702
Hirara,24.8,125.2833,27.15,89,75,6.69,JP,1663414703
Mount Isa,-20.7333,139.5,27.87,17,0,5.14,AU,1663414703
Danielskuil,-28.1887,23.5395,25.51,20,73,6.93,ZA,1663414703
Atasū,48.6814,71.6433,18.51,17,44,4.06,KZ,1663414704
Atuona,-9.8,-139.0333,24.69,73,15,8.9,PF,1663414704
New Norfolk,-42.7826,147.0587,10.72,76,97,1.79,AU,1663414704
Los Llanos de Aridane,28.6585,-17.9182,24.86,92,20,3.6,ES,1663414443
Leningradskiy,69.3833,178.4167,1.64,98,100,5.8,RU,1663414705
Sulangan,11.1373,123.7228,29.32,72,84,4.73,PH,1663414706
Chak Thirty-one -Eleven Left,30.4333,72.7,36.81,28,0,3.54,PK,1663414707
Saint-Philippe,-21.3585,55.7679,24.77,80,27,7.1,RE,1663414707
Buenos Aires,-34.6132,-58.3772,16.64,77,0,4.63,AR,1663414565
Manokwari,-0.8667,134.0833,25.8,76,100,4.74,ID,1663414708
Panama City,8.9936,-79.5197,24.6,92,75,1.54,PA,1663414709
Saldanha,-33.0117,17.9442,18.03,74,100,6.81,ZA,1663414709
Puerto Nariño,-3.7703,-70.3831,23.6,81,79,1.62,CO,1663414710
Ribeira Grande,38.5167,-28.7,25.22,78,20,4.63,PT,1663414694
Constitución,-35.3333,-72.4167,10.93,94,100,2.92,CL,1663414711
Raja,8.4596,25.678,23.67,92,100,0.73,SS,1663414711
Skjervøy,70.0311,20.9714,10.0,85,100,4.38,NO,1663414711
Fukuechō,32.6881,128.8419,26.65,85,100,11.17,JP,1663414530
Laguna,38.421,-121.4238,17.66,79,0,2.57,US,1663414713
Saint-Louis,16.3333,-15.0,31.8,41,100,5.21,SN,1663414613
Tuatapere,-46.1333,167.6833,4.39,90,97,2.23,NZ,1663414714
Anshun,26.25,105.9333,19.45,93,39,2.31,CN,1663414714
Qasigiannguit,68.8193,-51.1922,4.14,93,100,0.44,GL,1663414715
Tucurú,15.3,-90.0667,21.32,98,99,0.69,GT,1663414715
Vostok,46.4856,135.8833,11.52,98,100,1.4,RU,1663414716
Moramanga,-18.9333,48.2,21.01,53,49,3.56,MG,1663414717
Airai,-8.9266,125.4092,16.63,66,76,1.03,TL,1663414717
Meulaboh,4.1363,96.1285,25.66,83,35,1.66,ID,1663414718
Dutse,11.7594,9.3392,21.64,92,100,4.25,NG,1663414719
Cherskiy,68.75,161.3,0.1,80,100,7.53,RU,1663414719
East London,-33.0153,27.9116,18.52,77,0,2.06,ZA,1663414720
Geraldton,-28.7667,114.6,15.23,82,0,3.6,AU,1663414447
Tasiilaq,65.6145,-37.6368,4.09,97,100,6.31,GL,1663414720
Iqaluit,63.7506,-68.5145,2.85,86,100,4.12,CA,1663414721
Marrakesh,31.6315,-8.0083,25.04,57,40,2.06,MA,1663414721
Kaniama,-7.5667,24.1833,28.16,46,86,3.35,CD,1663414722
San Policarpo,12.1791,125.5072,27.19,81,100,3.09,PH,1663414722
Luanda,-8.8368,13.2343,24.79,70,61,5.26,AO,1663414722
Yulara,-25.2406,130.9889,19.18,19,0,3.22,AU,1663414723
Port-Gentil,-0.7193,8.7815,27.98,74,75,6.69,GA,1663414666
Kungurtug,50.5994,97.5228,5.03,91,97,1.82,RU,1663414724
Bullas,38.0467,-1.6723,27.42,37,0,4.02,ES,1663414724
Karpogory,64.0019,44.4451,11.03,85,100,5.14,RU,1663414724
Flin Flon,54.7682,-101.865,7.91,93,0,2.57,CA,1663414725
Mirador,-6.3708,-44.3631,30.98,47,63,2.07,BR,1663414726
San Javier,37.8063,-0.8374,31.43,63,40,2.68,ES,1663414726
Beroroha,-21.6667,45.1667,34.52,14,0,0.55,MG,1663414727
Safford,32.834,-109.7076,21.73,55,0,0.0,US,1663414727
Norman Wells,65.282,-126.8329,6.02,93,75,2.57,CA,1663414728
Gidrotorf,56.4744,43.5414,17.99,42,60,5.86,RU,1663414728
Shelton,41.3165,-73.0932,17.28,80,100,3.6,US,1663414728
Paracuru,-3.41,-39.0306,26.73,59,46,5.81,BR,1663414730
Ilulissat,69.2167,-51.1,4.01,81,75,3.09,GL,1663414730
Vestmannaeyjar,63.4427,-20.2734,9.55,81,40,2.57,IS,1663414730
Gunjur,13.2019,-16.7339,28.57,73,80,3.41,GM,1663414731
Kirakira,-10.4544,161.9205,26.34,85,42,4.45,SB,1663414732
Rocha,-34.4833,-54.3333,15.34,78,100,6.54,UY,1663414732
Chui,-33.6971,-53.4616,15.75,75,97,5.6,UY,1663414732
Esperance,-33.8667,121.9,13.91,83,46,4.4,AU,1663414733
Indore,22.7179,75.8333,29.1,70,40,2.57,IN,1663414357
Kruisfontein,-34.0033,24.7314,17.71,57,87,5.28,ZA,1663414733
Mehamn,71.0357,27.8492,7.97,93,100,7.72,NO,1663414734
Monterey,36.2505,-121.2516,12.88,1,0,2.38,US,1663414734
Henties Bay,-22.116,14.2845,17.93,73,56,5.69,NA,1663414735
Arlit,18.7369,7.3853,37.13,27,96,3.85,NE,1663414735
Hermanus,-34.4187,19.2345,14.33,67,100,3.46,ZA,1663414736
Thompson,55.7435,-97.8558,6.09,93,20,1.54,CA,1663414736
Balkanabat,39.5108,54.3671,32.0,20,5,1.54,TM,1663414737
Ostrovnoy,68.0531,39.5131,9.79,94,100,5.99,RU,1663414737
Kokopo,-4.352,152.2633,25.0,77,93,3.4,PG,1663414738
Carauari,-4.8828,-66.8958,26.68,67,95,0.22,BR,1663414738
Poso,-1.3959,120.7524,24.84,86,100,2.35,ID,1663414739
Christchurch,-43.5333,172.6333,8.84,83,75,2.06,NZ,1663414740
Dori,14.0354,-0.0345,32.75,43,96,4.98,BF,1663414740
Kalanguy,51.0167,116.5167,3.09,97,100,6.25,RU,1663414741
Iskateley,67.6803,53.1512,15.45,62,93,3.45,RU,1663414741
Ushtobe,45.2514,77.9838,20.18,16,20,4.54,KZ,1663414742
Luwuk,-0.9516,122.7875,25.37,81,100,1.87,ID,1663414742
Atlantic City,39.3643,-74.4229,21.66,85,41,1.79,US,1663414742
Māngrol,21.1167,70.1167,27.87,72,27,4.59,IN,1663414743
Itagi,-14.1628,-40.0061,23.12,67,73,0.9,BR,1663414743
Camacha,33.0833,-16.3333,23.68,83,40,6.69,PT,1663414744
Waingapu,-9.6567,120.2641,25.98,75,53,0.93,ID,1663414744
Road Town,18.4167,-64.6167,28.05,83,100,15.04,VG,1663414745
Kuching,1.55,110.3333,25.12,94,20,1.03,MY,1663413945
Saint Anthony,45.0205,-93.218,19.25,92,100,2.57,US,1663414746
Mossamedes,-15.1961,12.1522,22.35,73,75,4.12,AO,1663414746
Port Hedland,-20.3167,118.5667,23.03,60,34,3.09,AU,1663414747
Lebedyn,50.5852,34.4849,12.0,88,100,0.89,UA,1663414748
Pangnirtung,66.1451,-65.7125,4.91,71,100,1.8,CA,1663414749
Kotelnikowo,47.6317,43.1461,24.93,56,88,3.81,RU,1663414749
Tiznit Province,29.5833,-9.5,22.95,61,59,4.4,MA,1663414749
Cockburn Town,21.4612,-71.1419,26.98,78,40,2.06,TC,1663414750
Abbeville,50.1,1.8333,17.92,46,7,6.74,FR,1663414751
Belaya Gora,68.5333,146.4167,1.99,67,14,3.32,RU,1663414751
Kampot,10.6167,104.1833,28.03,81,58,3.82,KH,1663414751
Baghmara,23.795,86.2085,29.17,75,99,1.13,IN,1663414752
Šiauliai,55.9333,23.3167,14.01,77,40,5.66,LT,1663414752
Nemuro,43.3236,145.575,18.97,91,99,6.24,JP,1663414752
Saurimo,-9.6608,20.3916,36.1,16,70,1.14,AO,1663414753
Abu Dhabi,24.4667,54.3667,38.06,27,0,4.63,AE,1663414662
Avarua,-21.2078,-159.775,23.03,83,20,3.09,CK,1663414754
Sitka,57.0531,-135.33,7.94,87,0,1.54,US,1663414754
North Bend,43.4065,-124.2243,9.95,96,75,2.06,US,1663414754
Turukhansk,65.8167,87.9833,4.31,69,100,2.87,RU,1663414755
Istok,42.7808,20.4875,21.27,76,100,1.24,XK,1663414756
Canmore,51.0834,-115.3521,8.06,93,89,2.57,CA,1663414756
Bintulu,3.1667,113.0333,28.23,88,20,0.0,MY,1663414756
General Pico,-35.6566,-63.7568,17.11,64,100,7.76,AR,1663414757
Hearst,49.6835,-83.6665,9.14,94,100,3.49,CA,1663414757
Turtas,58.9417,69.1325,14.42,47,96,4.85,RU,1663414758
Somerset East,-32.7217,25.588,22.79,41,52,4.73,ZA,1663414758
Le Port,-20.9373,55.2919,25.0,71,15,2.6,RE,1663414759
Sept-Îles,50.2001,-66.3821,10.03,75,20,3.6,CA,1663414759
Kondinskoye,59.6481,67.41,16.0,41,81,6.61,RU,1663414759
Enumclaw,47.2043,-121.9915,11.53,90,100,0.45,US,1663414760
Mana,5.6592,-53.7767,27.21,82,53,3.94,GF,1663414760
San Patricio,28.017,-97.5169,28.94,81,0,2.26,US,1663414760
Samarai,-10.6167,150.6667,27.78,81,70,5.25,PG,1663414761
Saint-Estève,42.7131,2.843,24.19,39,0,8.75,FR,1663414761
Lorengau,-2.0226,147.2712,27.73,74,75,3.25,PG,1663414762
Ixtapa,20.7,-105.2,24.57,94,75,2.06,MX,1663414762
Laï,9.3952,16.2989,26.89,75,100,3.58,TD,1663414762
Broken Hill,-31.95,141.4333,11.06,59,69,4.81,AU,1663414598
Harper,4.375,-7.7169,26.12,78,100,5.2,LR,1663414763
Paamiut,61.994,-49.6678,7.74,99,100,3.09,GL,1663414763
Bambous Virieux,-20.3428,57.7575,25.14,65,75,7.72,MU,1663414764
Najrān,17.4924,44.1277,37.36,19,85,3.43,SA,1663414764
Cidreira,-30.1811,-50.2056,17.08,73,1,5.91,BR,1663414765
Río Cuarto,-33.1307,-64.3499,13.15,62,75,6.17,AR,1663414765
Strai,58.2,7.9,16.72,38,0,3.6,NO,1663414766
Bassano,50.7834,-112.4685,11.27,55,7,6.95,CA,1663414766
Katsuura,35.1333,140.3,26.26,83,100,5.36,JP,1663414766
Vitry-le-François,48.7333,4.5833,15.6,70,54,5.99,FR,1663414751
Jiangyou,31.7667,104.7167,21.89,87,97,0.58,CN,1663414767
Koungou,-12.7336,45.2042,26.84,69,0,4.12,YT,1663414767
Yekaterinoslavka,50.3734,129.1139,12.6,96,100,7.09,RU,1663414768
Maniitsoq,65.4167,-52.9,7.9,83,100,2.88,GL,1663414768
Prabumulih,-3.45,104.25,25.03,86,86,1.02,ID,1663414769
Matamoros,25.5333,-103.25,22.84,62,21,0.71,MX,1663414769
Vieques,18.425,-65.8329,27.72,81,92,8.35,PR,1663414769
Ancud,-41.8697,-73.8203,2.9,81,2,2.78,CL,1663414770
Ahmadpur Sial,30.6754,71.7483,38.68,21,0,2.63,PK,1663414770
Berlevåg,70.8578,29.0864,8.0,93,100,11.32,NO,1663414772
Atbasar,51.8,68.3333,18.52,22,6,4.35,KZ,1663414772
Vinukonda,16.05,79.75,31.69,53,91,5.84,IN,1663414773
Cedartown,34.0537,-85.255,17.61,97,0,1.37,US,1663414773
Morwa,22.9,73.8333,29.4,69,58,2.63,IN,1663414773
Motomachi,43.8228,144.1044,20.93,94,75,3.09,JP,1663414763
Yuci,37.6803,112.7319,21.86,53,0,1.0,CN,1663414774
Krabi,8.0726,98.9105,29.11,70,20,2.57,TH,1663414775
Bubaque,11.2833,-15.8333,27.03,80,76,3.83,GW,1663414775
Kayes,14.0,-11.0,29.77,68,62,3.02,ML,1663414776
Waddān,29.1614,16.139,36.46,11,0,2.79,LY,1663414776
Birao,10.2849,22.7882,22.41,93,98,2.45,CF,1663414776
Dicabisagan,17.0818,122.4157,25.9,88,100,0.5,PH,1663414777
Taltal,-25.4,-70.4833,13.75,70,0,1.4,CL,1663414778
Puerto del Rosario,28.5004,-13.8627,26.86,65,40,9.77,ES,1663414764
San Ramon,37.7799,-121.978,14.78,87,0,2.57,US,1663414730
Aksu,41.1231,80.2644,27.91,20,100,0.78,CN,1663414779
Poronaysk,49.2167,143.1167,11.28,88,100,2.17,RU,1663414779
Rawson,-43.3002,-65.1023,7.79,76,92,5.41,AR,1663414780
Husavik,66.0449,-17.3389,6.09,79,100,0.92,IS,1663414780
Mabaruma,8.2,-59.7833,25.38,93,92,1.03,GY,1663414780
Namatanai,-3.6667,152.4333,26.52,74,98,4.15,PG,1663414781
Padang,-0.9492,100.3543,27.03,87,97,1.27,ID,1663414782
Pevek,69.7008,170.3133,0.99,99,100,9.26,RU,1663414782
Codrington,-38.2667,141.9667,10.34,85,55,8.73,AU,1663414782
Gualeguaychú,-33.0094,-58.5172,15.9,69,99,7.14,AR,1663414783
Normandin,48.8333,-72.5321,6.17,93,2,1.03,CA,1663414783
Chapais,49.7834,-74.8492,1.88,73,19,1.48,CA,1663414783
Tocopilla,-22.092,-70.1979,16.21,59,4,1.44,CL,1663414784
Itarema,-2.9248,-39.9167,29.01,61,78,6.76,BR,1663414784
Rokytne,51.2796,27.214,17.36,50,99,4.0,UA,1663414784
Fernie,49.5,-115.0687,12.05,96,68,1.28,CA,1663414539
Alta Floresta,-9.8756,-56.0861,31.26,37,65,1.43,BR,1663414786
Ferme-Neuve,46.7001,-75.4493,7.28,73,100,0.64,CA,1663414787
Winslow,35.0242,-110.6974,13.1,71,0,2.06,US,1663414787
Dunedin,-45.8742,170.5036,7.11,71,95,3.71,NZ,1663414788
Navrongo,10.8956,-1.0921,29.58,63,66,3.86,GH,1663414788
Saravan,39.7196,45.6483,25.64,23,7,4.66,AM,1663414788
Coquimbo,-29.9533,-71.3436,12.85,82,100,1.03,CL,1663414789
Port Lincoln,-34.7333,135.8667,12.57,71,97,7.53,AU,1663414789
Umluj,25.0213,37.2685,31.28,60,2,6.87,SA,1663414790
Urucará,-2.5364,-57.76,30.26,51,61,1.37,BR,1663414791
Petropavlovsk-Kamchatskiy,53.0452,158.6483,5.33,81,40,3.0,RU,1663414742
Pa Sang,18.5262,98.9394,28.11,91,99,1.28,TH,1663414792
Roebourne,-20.7833,117.1333,23.96,50,39,3.75,AU,1663414792
Richards Bay,-28.783,32.0377,23.7,64,58,6.39,ZA,1663414793
Ekhabi,53.5102,142.9671,7.29,73,4,3.19,RU,1663414793
Morondava,-20.2833,44.2833,26.37,62,0,6.81,MG,1663414793
Winsum,53.33,6.5208,16.1,60,96,10.99,NL,1663414794
Pokaran,26.9167,71.9167,34.6,31,11,6.42,IN,1663414794
Antofagasta,-23.65,-70.4,11.6,76,19,1.06,CL,1663414794
Xinqing,48.2333,129.5,11.78,99,100,1.83,CN,1663414795
Ligayan,4.6533,119.4706,29.07,73,90,4.9,PH,1663414795
Severo-Kuril'sk,50.6789,156.125,9.7,86,10,6.37,RU,1663414795
Moshupa,-24.7782,25.4155,30.65,11,0,3.28,BW,1663414797
São João da Barra,-21.6403,-41.0511,18.05,77,100,5.67,BR,1663414797
Goderich,43.7501,-81.7165,16.18,94,84,3.09,CA,1663414797
Paragominas,-2.9667,-47.4833,27.42,66,36,3.24,BR,1663414798
San Joaquin,37.9333,-121.3011,16.07,74,0,4.12,US,1663414798
St. George's,12.0564,-61.7485,29.82,79,75,10.8,GD,1663414750
Moussoro,13.6408,16.4901,27.31,67,100,1.33,TD,1663414799
Cap Malheureux,-19.9842,57.6142,24.15,64,0,6.26,MU,1663414799
Vanimo,-2.6741,141.3028,25.7,85,51,1.7,PG,1663414800
Bengkulu,-3.8004,102.2655,25.03,87,90,0.82,ID,1663414240
Vardø,70.3705,31.1107,7.99,93,100,11.83,NO,1663414801
Saint George,37.1041,-113.5841,18.33,72,0,0.0,US,1663414801
Pullman,46.7313,-117.1796,9.13,76,0,0.0,US,1663414802
Rosarito,32.3333,-117.0333,19.53,84,7,1.11,MX,1663414802
Olafsvik,64.8945,-23.7142,9.08,78,100,3.32,IS,1663414802
Havre-St-Pierre,50.2334,-63.5986,8.0,61,96,8.76,CA,1663414803
Merauke,-8.4667,140.3333,26.15,86,99,4.21,ID,1663414804
Pereira Barreto,-20.6383,-51.1092,20.23,49,24,7.01,BR,1663414804
Resistencia,-27.4606,-58.9839,20.61,68,18,4.63,AR,1663414805
Tsimmerbude,54.675,20.1347,15.03,68,72,6.44,RU,1663414805
Touros,-5.1989,-35.4608,28.09,64,3,6.13,BR,1663414805
Banatsko Novo Selo,44.9907,20.7848,16.85,89,100,3.78,RS,1663414806
Mahibadhoo,3.7833,72.9667,27.82,70,5,3.66,MV,1663414806
Sivas Province,39.7916,37.0019,29.35,20,20,2.57,TR,1663414807
Une,4.4031,-74.0253,8.64,88,98,0.58,CO,1663414807
Indian Head,38.6001,-77.1622,17.12,96,40,2.57,US,1663414807
Bergama,39.1207,27.1805,35.31,19,0,4.67,TR,1663414808
Half Moon Bay,37.4636,-122.4286,15.19,87,100,3.09,US,1663414808
Santa Inês,-3.6667,-45.38,29.11,61,43,3.19,BR,1663414809
Xifeng,42.7372,124.7222,16.63,92,72,2.34,CN,1663414809
Songjianghe,42.1859,127.479,15.83,97,90,1.1,CN,1663414809
Sindor,62.8629,51.8905,12.89,73,99,3.82,RU,1663414810
Bonthe,7.5264,-12.505,27.19,78,39,3.88,SL,1663414810
Leer,8.3018,30.1418,30.52,57,85,0.5,SS,1663414811
Siyabuswa,-25.1132,29.0445,31.37,13,0,1.05,ZA,1663414811
Savonlinna,61.8699,28.88,13.03,82,100,3.09,FI,1663414812
Suntar,62.1444,117.6319,2.4,89,98,3.22,RU,1663414812
Palmer,42.1584,-72.3287,11.95,89,20,1.26,US,1663414812
Grand Gaube,-20.0064,57.6608,25.22,64,1,6.26,MU,1663414813
Hobaramachi,37.8167,140.55,23.68,85,100,1.39,JP,1663414710
Bundaberg,-24.85,152.35,21.16,97,75,5.14,AU,1663414814
Kalmunai,7.4167,81.8167,28.36,74,8,6.73,LK,1663414814
Baijiantan,45.6333,85.1833,21.6,22,42,1.87,CN,1663414814
Coruripe,-10.1256,-36.1756,25.29,68,30,4.02,BR,1663414815
Ayan,56.45,138.1667,8.77,70,32,2.47,RU,1663414815
Port Augusta,-32.5,137.7667,11.24,70,33,4.37,AU,1663414816
Rivera,-30.9053,-55.5508,14.44,81,49,6.74,UY,1663414816
Vanavara,60.34,102.2797,3.01,73,18,2.1,RU,1663414816
Osório,-29.8867,-50.2697,17.61,65,5,3.35,BR,1663414817
Chokurdakh,70.6333,147.9167,2.05,66,100,2.6,RU,1663414817
Vana-Vigala,58.7806,24.2522,14.91,78,83,4.18,EE,1663414817
Jishou,28.3167,109.7167,30.46,48,62,0.28,CN,1663414818
Kendal,54.3268,-2.7476,15.33,66,25,1.9,GB,1663414803
Shimoda,34.6667,138.95,24.5,89,100,6.08,JP,1663414671
Jalu,29.0331,21.5482,34.76,16,0,1.94,LY,1663414819
Kantilo,20.35,85.1833,28.27,81,96,1.62,IN,1663414819
Dūngarpur,23.8333,73.7167,28.39,64,30,3.6,IN,1663414820
Saint-Joseph,-21.3667,55.6167,24.21,74,29,6.79,RE,1663414821
Nānākuli,21.3906,-158.1547,25.97,86,100,1.54,US,1663414821
Kitimat,54.0524,-128.6534,9.21,27,40,1.26,CA,1663414821
Ørje,59.4802,11.6602,18.41,48,92,4.15,NO,1663414822
Baculin,7.4525,126.5842,27.0,85,100,4.74,PH,1663414822
Gamba,-2.65,10.0,24.68,79,98,3.5,GA,1663414822
Vega de Alatorre,20.0333,-96.6333,23.37,89,92,3.41,MX,1663414823
Province of Trapani,37.8333,12.6667,29.05,58,20,7.72,IT,1663414824
Inírida,3.8653,-67.9239,23.61,96,97,0.38,CO,1663414824
Yangi Marg`ilon,40.4272,71.7189,30.4,17,4,1.03,UZ,1663414824
Canguçu,-31.395,-52.6756,14.56,74,34,5.62,BR,1663414825
Sémbé,1.6481,14.5806,28.54,67,85,1.87,CG,1663414825
Kumluca,36.3703,30.2869,30.34,52,0,3.94,TR,1663414826
Montepuez,-13.1256,38.9997,30.78,21,22,4.19,MZ,1663414826
Bayan,46.0833,127.4,15.59,95,100,3.76,CN,1663414827
Elko,41.0002,-115.5012,10.41,68,100,2.24,US,1663414827
Ngunguru,-35.6167,174.5,11.0,73,96,1.21,NZ,1663414827
Nhulunbuy,-12.2333,136.7667,26.34,83,40,2.57,AU,1663414828
Guerrero Negro,27.9769,-114.0611,19.7,84,0,6.21,MX,1663414829
Saint-François,46.4154,3.9054,14.26,62,75,3.09,FR,1663414829
Bīrpur,26.5167,87.0167,29.16,77,100,1.24,IN,1663414830
Kitob,39.0843,66.8332,30.38,11,83,4.8,UZ,1663414830
Lavrentiya,65.5833,-171.0,6.42,96,100,12.07,RU,1663414831
Hasaki,35.7333,140.8333,25.22,79,100,5.43,JP,1663414831
Esso,55.9333,158.7,2.06,95,82,1.96,RU,1663414832
Aktau,43.65,51.2,27.32,49,50,5.39,KZ,1663414741
Alice Springs,-23.7,133.8833,17.75,32,0,3.6,AU,1663414832
Qena,26.1615,32.7183,36.52,12,0,7.76,EG,1663414833
Jacksonville,30.3322,-81.6556,26.11,91,100,3.6,US,1663414833
Dudinka,69.4058,86.1778,3.68,71,100,5.12,RU,1663414834
Faanui,-16.4833,-151.75,25.85,65,15,8.86,PF,1663414834
Oriximiná,-1.7656,-55.8661,30.17,52,52,2.17,BR,1663414835
Lata,40.1629,-8.3327,30.04,47,88,0.93,PT,1663414835
Sorong,-0.8833,131.25,25.38,88,100,4.92,ID,1663414835
Dzhebariki-Khaya,62.2167,135.8,4.43,78,96,2.43,RU,1663414836
Avera,33.194,-82.5271,15.77,79,0,2.66,US,1663414836
Malbork,54.0359,19.0266,15.49,45,30,4.54,PL,1663414837
Otaki,-40.7583,175.15,10.53,88,91,0.45,NZ,1663414837
Río Bueno,-40.3167,-72.9667,3.08,98,99,1.3,CL,1663414838
Zhukovo,55.0318,36.744,16.62,46,49,5.63,RU,1663414838
Kamaishi,39.2667,141.8833,22.75,94,100,3.67,JP,1663414839
Coachella,33.6803,-116.1739,26.26,51,0,3.09,US,1663414839
Fort Nelson,58.8053,-122.7002,7.77,81,100,0.0,CA,1663414840
Burnie,-41.0667,145.9167,9.97,93,100,3.09,AU,1663414840
Mayumba,-3.432,10.6554,24.55,80,99,3.09,GA,1663414841
Seoul,37.5683,126.9778,25.78,83,0,2.06,KR,1663414780
Honningsvåg,70.9821,25.9704,7.86,87,100,12.35,NO,1663414842
Pisco,-13.7,-76.2167,15.03,88,100,0.51,PE,1663414843
Grindavik,63.8424,-22.4338,10.26,71,75,1.54,IS,1663414843
Kieta,-6.2167,155.6333,26.03,85,53,2.98,PG,1663414843
Aljezur,37.3191,-8.8033,26.83,53,1,2.16,PT,1663414844
Asău,46.4333,26.4,15.71,86,98,1.82,RO,1663414844
Markova,48.6758,24.4138,14.2,71,100,1.26,UA,1663414845
Loandjili,-4.7561,11.8578,25.06,73,100,1.54,CG,1663414846
Luang Prabang,19.8856,102.1347,24.12,98,97,0.45,LA,1663414847
Kathmandu,27.7167,85.3167,23.12,83,75,1.54,NP,1663414576
Serebryanyy Bor,56.8,124.8,3.25,90,100,1.05,RU,1663414847
Madimba,-10.4,40.3333,29.62,54,40,5.14,TZ,1663414848
Mariestad,58.7097,13.8237,15.77,75,92,6.38,SE,1663414848
Rupert,42.6191,-113.6772,9.97,81,0,0.0,US,1663414849
Nantucket,41.2835,-70.0995,16.19,69,0,3.09,US,1663414850
Bereda,43.2686,-7.5406,23.56,73,100,2.28,ES,1663414850
Buraidah,26.326,43.975,42.25,7,2,0.99,SA,1663414793
Omboué,-1.5746,9.2618,26.23,72,99,4.46,GA,1663414851
Nome,64.5011,-165.4064,9.04,93,100,14.4,US,1663414852
Chickasha,35.0526,-97.9364,23.09,83,0,3.09,US,1663414852
Goiatuba,-18.0125,-49.3547,24.77,46,13,4.01,BR,1663414853
San Cristobal,7.7669,-72.225,19.1,70,55,1.48,VE,1663414853
Cabo San Lucas,22.8909,-109.9124,28.62,74,95,0.45,MX,1663414854
Formosa,-26.1775,-58.1781,18.99,59,0,7.72,AR,1663414854
Leicester,52.6386,-1.1317,17.2,51,19,5.27,GB,1663414766
Lyantonde,-0.4031,31.1572,29.19,35,34,2.09,UG,1663414855
Rome,43.2128,-75.4557,14.49,86,75,3.09,US,1663414574
Garmsār,35.2182,52.3409,32.91,16,0,1.48,IR,1663414855
Puerto Suárez,-18.95,-57.8,25.31,50,0,6.17,BO,1663414856
Pacific Grove,36.6177,-121.9166,15.05,85,100,4.47,US,1663414856
Chapleau,47.8405,-83.4034,12.05,94,100,3.6,CA,1663414857
San Francisco,37.7749,-122.4194,15.65,90,40,6.26,US,1663414857
Plettenberg Bay,-34.0527,23.3716,16.68,73,67,4.23,ZA,1663414723
Esim,4.8699,-2.2405,27.75,67,93,3.44,GH,1663414858
Black River,18.0264,-77.8487,25.84,79,11,1.85,JM,1663414859
Acajutla,13.5928,-89.8275,25.33,83,100,2.8,SV,1663414860
Langelsheim,51.9333,10.3333,16.32,58,77,8.67,DE,1663414860
Cukai,4.25,103.4167,25.97,85,89,2.94,MY,1663414860
Pizarro,4.9533,-77.366,23.93,92,100,2.1,CO,1663414861
Nokaneng,-19.6667,22.2667,34.65,10,0,1.19,BW,1663414861
Bariloche,-41.1456,-71.3082,1.68,86,75,2.06,AR,1663414862
Zhigalovo,54.8097,105.1578,6.82,75,98,1.79,RU,1663414862
Tehri,30.3833,78.4833,22.44,92,98,0.77,IN,1663414863
Verkhnevilyuysk,63.4453,120.3167,0.8,80,71,2.04,RU,1663414864
Saint-Pierre,-21.3393,55.4781,24.82,65,20,12.86,RE,1663414771
Srednekolymsk,67.45,153.6833,2.81,66,100,1.8,RU,1663414864
Dukat,62.55,155.55,-2.54,85,85,2.18,RU,1663414866
Estevan,49.1334,-102.9842,6.23,94,21,0.89,CA,1663414866
Hermiston,45.8404,-119.2895,12.88,84,0,2.57,US,1663414866
Forlev,55.3833,11.2833,16.64,76,100,4.87,DK,1663414867
Mount Gambier,-37.8333,140.7667,9.95,93,75,9.26,AU,1663414867
Stavern,59.0,10.0333,18.43,46,98,1.65,NO,1663414867
Bacolod City,10.6667,122.95,25.96,88,73,4.03,PH,1663414868
Msanga,-6.05,36.0333,27.69,23,30,3.48,TZ,1663414868
Tilichiki,60.4667,166.1,2.9,74,30,5.86,RU,1663414869
Valdemārpils,57.3707,22.5919,13.78,83,77,5.37,LV,1663414869
Mattru,7.6244,-11.8332,26.09,86,73,1.32,SL,1663414870
Makat,47.6469,53.3463,23.95,33,100,5.68,KZ,1663414870
Svecha,58.2785,47.5164,11.18,98,100,2.93,RU,1663414870
Spruce Grove,53.5334,-113.9187,10.73,82,75,7.2,CA,1663414871
Port Blair,11.6667,92.75,25.02,88,75,2.06,IN,1663414871
Vila Franca do Campo,37.7167,-25.4333,24.55,82,47,3.8,PT,1663414872
Solnechnyy,50.7214,136.6319,7.86,95,86,2.37,RU,1663414872
Boyolangu,-8.1181,111.8935,23.93,85,78,2.43,ID,1663414873
Belmonte,-15.8631,-38.8828,25.04,69,41,1.04,BR,1663414873
North Myrtle Beach,33.816,-78.68,19.03,96,0,3.09,US,1663414874
Presidencia Roque Sáenz Peña,-26.7852,-60.4388,20.95,40,5,6.13,AR,1663414874
Lucapa,-8.4192,20.7447,32.47,32,66,2.11,AO,1663414875
Honiara,-9.4333,159.95,25.66,86,55,1.67,SB,1663414852
Shostka,51.863,33.4698,16.58,56,100,4.62,UA,1663414875
Usinsk,65.9939,57.5281,15.2,56,93,5.82,RU,1663414875
Sakakah,29.9697,40.2064,40.76,10,0,2.42,SA,1663414876
Dongsheng,39.8161,109.9776,19.68,23,0,3.38,CN,1663414876
Batemans Bay,-35.7167,150.1833,15.61,62,32,6.01,AU,1663414877
Palafrugell,41.9174,3.1631,24.28,38,97,5.36,ES,1663414737
Den Helder,52.9599,4.7593,15.55,61,75,7.72,NL,1663414877
East Hemet,33.74,-116.9389,16.88,86,0,1.34,US,1663414878
Kulhudhuffushi,6.6221,73.07,27.75,73,23,4.63,MV,1663414878
Gravina in Puglia,40.8197,16.4228,27.79,30,54,11.5,IT,1663414791
Luleå,65.5842,22.1547,11.04,82,100,6.17,SE,1663414775
Klyuchi,52.2667,79.1667,16.19,27,0,4.43,RU,1663414879
Lumberton,34.6182,-79.0086,16.36,81,0,2.13,US,1663414879
Misratah,32.3754,15.0925,30.81,49,0,4.92,LY,1663414880
Bagé,-31.3314,-54.1069,13.88,82,0,6.17,BR,1663414766
Kalabo,-14.97,22.6814,36.03,13,12,1.39,ZM,1663414881
Ambilobe,-13.2,49.05,31.47,30,15,1.47,MG,1663414882
Laas,46.6166,10.7002,15.76,55,93,4.54,IT,1663414883
Quatre Cocos,-20.2078,57.7625,25.06,72,21,7.27,MU,1663414883
Zeya,53.75,127.2667,9.1,85,100,1.69,RU,1663414884
Sangar,63.9242,127.4739,2.2,95,85,0.8,RU,1663414884
Diapaga,12.0708,1.7889,29.14,64,72,2.98,BF,1663414885
Kandrian,-6.2167,149.55,25.21,89,25,2.24,PG,1663414885
San Juan,-31.5375,-68.5364,17.34,26,77,2.74,AR,1663414751
Killybegs,54.6333,-8.45,13.84,58,99,2.01,IE,1663414886
Tikrit,34.6071,43.6782,40.6,8,0,4.54,IQ,1663414887
Rincon,32.296,-81.2354,24.36,94,40,2.57,US,1663414887
Reserva,-24.6503,-50.8506,12.18,65,61,3.29,BR,1663414887
Lüderitz,-26.6481,15.1594,19.83,60,56,10.68,NA,1663414888
Boddam,57.4667,-1.7833,12.49,75,91,9.76,GB,1663414888
Dickinson,29.4608,-95.0513,26.66,93,0,0.0,US,1663414889
Kawalu,-7.3817,108.2082,22.43,96,99,1.14,ID,1663414889
Kodinsk,58.6881,99.1844,6.63,95,87,1.63,RU,1663414890
Garachiné,8.0647,-78.3628,25.11,87,93,3.36,PA,1663414890
Jacareacanga,-6.2222,-57.7528,31.46,43,77,0.93,BR,1663414890
Kalianget,-7.05,113.9333,28.11,66,31,6.34,ID,1663414891
Ürümqi,43.801,87.6005,20.53,20,0,3.0,CN,1663414891
Xiaoyi,34.6178,109.703,23.51,69,89,1.43,CN,1663414892
Sobolevo,54.4299,31.8996,15.07,50,45,5.51,RU,1663414893
Sarangani,5.4033,125.4636,28.93,71,100,3.96,PH,1663414894
Surab,28.4914,66.2585,27.03,10,0,5.34,PK,1663414894
Borovskoy,53.8,64.15,20.5,22,17,5.65,KZ,1663414895
Diego de Almagro,-26.3667,-70.05,11.66,52,29,0.36,CL,1663414896
Luganville,-15.5333,167.1667,25.76,84,46,4.6,VU,1663414896
Praia da Vitória,38.7333,-27.0667,25.98,88,40,4.94,PT,1663414897
Selenduma,50.9131,106.2406,8.43,52,100,2.67,RU,1663414897
Lubango,-14.9172,13.4925,28.92,13,0,1.54,AO,1663414897
La Ronge,55.1001,-105.2842,8.14,87,0,1.54,CA,1663414898
Marystown,47.1666,-55.1483,12.94,74,50,9.59,CA,1663414898
Hualmay,-11.0964,-77.6139,16.34,86,97,4.81,PE,1663414898
Port Macquarie,-31.4333,152.9167,14.63,65,3,3.11,AU,1663414849
Sfântu Gheorghe,45.8667,25.7833,21.98,58,100,2.01,RO,1663414738
Udachny,66.4167,112.4,-0.86,79,100,9.36,RU,1663414900
Kalabagh,32.965,71.557,37.02,28,3,1.77,PK,1663414900
Tautira,-17.7333,-149.15,24.57,78,11,8.35,PF,1663414902
Tynda,55.1667,124.7167,4.31,98,100,4.36,RU,1663414853
Loukísia,38.4833,23.45,36.5,35,0,3.6,GR,1663414903
Badou,7.5833,0.6,27.55,68,90,2.45,TG,1663414903
Opuwo,-18.0607,13.84,32.52,9,0,2.13,NA,1663414904
Poum,-20.2333,164.0167,23.61,69,0,7.32,NC,1663414904
Polyarny,69.1989,33.4478,10.03,95,100,6.82,RU,1663414905
San Rafael,-34.6177,-68.3301,14.94,33,75,5.11,AR,1663414905
Zalesovo,53.9939,84.7431,12.51,42,5,3.31,RU,1663414905
Waipawa,-41.4122,175.5153,5.7,90,91,2.1,NZ,1663414906
Pinawa,50.1489,-95.8811,11.01,99,100,2.85,CA,1663414906
Lompoc,34.6391,-120.4579,14.73,93,100,5.14,US,1663414906
Qui Nhon,13.7667,109.2333,27.14,81,48,1.16,VN,1663414849
Zaysan,47.4667,84.8667,13.34,37,12,2.4,KZ,1663414907
Westport,41.1415,-73.3579,18.19,77,100,3.6,US,1663414907
Pakxan,18.3778,103.6601,24.59,95,100,0.93,LA,1663414908
Vigia,-0.8583,-48.1417,28.15,71,40,4.31,BR,1663414908
